<?xml version="1.0" encoding="utf-8"?>
<SerioCommands version="1.0">
   <IoScanAndSend>
      <TxProfiles>
         <Cifs>
            <CifsParams>
               <Host>172.16.2.101</Host>
               <StoreDir>share</StoreDir>
               <FileName>wang_file</FileName>
               <AuthMethod>NTLMv2</AuthMethod>
               <User>test01</User>
               <Password>test01</Password>
               <KerberosServer>1</KerberosServer>
            </CifsParams>
         </Cifs>
      </TxProfiles>

        <!-- ScanTray:FB ADF -->
      <ScanTray>ADF</ScanTray>
        <!-- ColorMode:Mono Gray Color -->
      <ColorMode>Mono</ColorMode>
        <!-- Resolution:Low Normal High 600 300 200 100 200x100 Auto -->
      <Resolution>Normal</Resolution>
        <!-- FileType:JPEG PDF TIFF -->
      <FileType>PDF</FileType>
        <!-- DuplexScanEnable:true false -->
      <DuplexScanEnable>false</DuplexScanEnable>
        <!-- ShortEdgeBinding:true false -->
      <ShortEdgeBinding>false</ShortEdgeBinding>
        <!-- JpgQuality:High Normal Low -->
      <JpgQuality>Normal</JpgQuality>
        <!-- DocSize:A4 Letter Legal-->
      <DocSize>A4</DocSize>
        <!-- FileNameFixed:true false -->
      <FileNameFixed>false</FileNameFixed>
        <!-- true/false -->
	  <SkipBlankPage>true</SkipBlankPage>

      <!-- PageScanAckUrl>../../msg.xml</PageScanAckUrl -->
   </IoScanAndSend>
    <DisplayInfo>
        <Script>
            <![CDATA[<?xml version="1.0" encoding="UTF-8"?>
            <UiScreen infoLevel="Normal">
            <IoScreen>
               <IoObject>
                  <Title>scan2CIFS</Title>
                  <Description>executing scan2cifs</Description>
                  <Message>Burning Your Document Now.</Message>
               </IoObject>
            </IoScreen>
         </UiScreen>
         ]]>
        </Script>
    </DisplayInfo>
</SerioCommands>
